instance,n_customers,algorithm,run,cost,runtime,iterations_to_best,feasible,convergence_length
RC101,25,A*,0,901.237375464096,5.0046789000043646,0,True,24
RC101,25,A*,1,901.237375464096,5.003790199996729,0,True,26
RC101,25,A*,2,901.237375464096,5.004064100001415,0,True,23
RC101,25,A*,3,901.237375464096,5.003671800004668,0,True,25
RC101,25,A*,4,901.237375464096,5.007468100004189,0,True,29
RC101,25,A*,5,901.237375464096,5.0042366000052425,0,True,30
RC101,25,A*,6,901.237375464096,5.006252300001506,0,True,25
RC101,25,A*,7,901.237375464096,5.004191299995,0,True,22
RC101,25,A*,8,901.237375464096,5.008065199996054,0,True,29
RC101,25,A*,9,901.237375464096,5.005515299999388,0,True,25
RC101,25,A*,10,901.237375464096,5.0063869999939925,0,True,22
RC101,25,A*,11,901.237375464096,5.006064799999876,0,True,26
RC101,25,A*,12,901.237375464096,5.003853900001559,0,True,20
RC101,25,A*,13,901.237375464096,5.004004199996416,0,True,26
RC101,25,A*,14,901.237375464096,5.007417200002237,0,True,27
RC101,25,A*,15,901.237375464096,5.004252600003383,0,True,28
RC101,25,A*,16,901.237375464096,5.008074099998339,0,True,28
RC101,25,A*,17,901.237375464096,5.006486999998742,0,True,20
RC101,25,A*,18,901.237375464096,5.0044324999980745,0,True,28
RC101,25,A*,19,901.237375464096,5.007729199998721,0,True,22
RC101,25,A*,20,901.237375464096,5.004393700000946,0,True,23
RC101,25,A*,21,901.237375464096,5.0091093000010005,0,True,26
RC101,25,A*,22,901.237375464096,5.005798799997137,0,True,22
RC101,25,A*,23,901.237375464096,5.004447100000107,0,True,31
RC101,25,A*,24,901.237375464096,5.007311399996979,0,True,33
RC101,25,A*,25,901.237375464096,5.004332199998316,0,True,28
RC101,25,A*,26,901.237375464096,5.006564899995283,0,True,26
RC101,25,A*,27,901.237375464096,5.003942700001062,0,True,25
RC101,25,A*,28,901.237375464096,5.006607099996472,0,True,31
RC101,25,A*,29,901.237375464096,5.0040334000004805,0,True,27
RC101,25,PSO,0,962.0668240160089,1.5833672000007937,251,True,301
RC101,25,PSO,1,941.4521279534208,1.5451031000047806,284,True,301
RC101,25,PSO,2,959.5912482735844,1.6322580000050948,162,True,301
RC101,25,PSO,3,977.5253378548429,1.5509078999966732,120,True,301
RC101,25,PSO,4,905.6088303587586,1.6518422000008286,120,True,301
RC101,25,PSO,5,967.5224208825828,1.8239523000011104,144,True,301
RC101,25,PSO,6,953.1879292675171,1.7787697999956436,265,True,301
RC101,25,PSO,7,983.0627705676242,1.8181901999996626,107,True,301
RC101,25,PSO,8,935.6715615645833,1.973805599998741,212,True,301
RC101,25,PSO,9,970.4101367450033,1.7980596999987029,216,True,301
RC101,25,PSO,10,1045.1257985299449,1.6706675000023097,248,True,301
RC101,25,PSO,11,997.0652019877076,1.569565000005241,113,True,301
RC101,25,PSO,12,1019.5042113463468,1.546026999996684,60,True,301
RC101,25,PSO,13,1005.9587399242936,1.7511190000004717,142,True,301
RC101,25,PSO,14,938.4746968485056,1.5426742999989074,222,True,301
RC101,25,PSO,15,941.474590547497,1.5305586000031326,121,True,301
RC101,25,PSO,16,984.3215009964981,1.5796160000027157,173,True,301
RC101,25,PSO,17,902.465610693953,1.512305700001889,264,True,301
RC101,25,PSO,18,1008.6487643830861,1.539469299998018,147,True,301
RC101,25,PSO,19,1078.0864095485356,1.7072916000033729,236,True,301
RC101,25,PSO,20,919.1405474961093,1.8139109000039753,75,True,301
RC101,25,PSO,21,995.5379029143593,1.7271717999974499,125,True,301
RC101,25,PSO,22,997.740434629042,1.7026393999985885,166,True,301
RC101,25,PSO,23,932.4037655015588,1.6770794999974896,54,True,301
RC101,25,PSO,24,989.586021808597,1.6430116000046837,44,True,301
RC101,25,PSO,25,1065.563842293398,1.7805827999982284,197,True,301
RC101,25,PSO,26,956.0400706689883,1.6602060000004712,206,True,301
RC101,25,PSO,27,978.0297297219947,1.4947582000022521,153,True,301
RC101,25,PSO,28,1043.7565983723441,1.7939188000018476,295,True,301
RC101,25,PSO,29,984.2790623485531,1.5270149999996647,38,True,301
RC101,25,QPSO,0,924.5880284139896,1.5687384999982896,282,True,301
RC101,25,QPSO,1,1000.2139683219409,1.5989403999992646,265,True,301
RC101,25,QPSO,2,947.3817377576152,1.5594653000007384,157,True,301
RC101,25,QPSO,3,992.1885232993849,1.6822600000014063,286,True,301
RC101,25,QPSO,4,974.9510609495404,1.6875998999967123,298,True,301
RC101,25,QPSO,5,945.7689559991322,1.70683299999655,278,True,301
RC101,25,QPSO,6,951.842705610919,1.6982242000012775,157,True,301
RC101,25,QPSO,7,1035.3488787699475,1.8232157999955234,69,True,301
RC101,25,QPSO,8,1006.5658444604993,1.9195533000020077,116,True,301
RC101,25,QPSO,9,932.3605376932637,1.9641426000016509,278,True,301
RC101,25,QPSO,10,968.6505210761914,1.8830731000052765,209,True,301
RC101,25,QPSO,11,962.261676264514,1.6482627999939723,95,True,301
RC101,25,QPSO,12,1020.7883605560606,1.6211475999953109,248,True,301
RC101,25,QPSO,13,964.0602579438156,1.7494728999954532,11,True,301
RC101,25,QPSO,14,996.4762478452378,1.5328287999946042,266,True,301
RC101,25,QPSO,15,1028.718665519609,1.4772881000026246,1,True,301
RC101,25,QPSO,16,983.5802759479726,1.4947935999953188,274,True,301
RC101,25,QPSO,17,904.9232206014581,1.6324994000024162,236,True,301
RC101,25,QPSO,18,1037.377954053811,1.5700066000063089,13,True,301
RC101,25,QPSO,19,1001.0058140792772,1.588212199996633,129,True,301
RC101,25,QPSO,20,945.0598412820748,1.7208629000015208,285,True,301
RC101,25,QPSO,21,932.9978043831647,1.723573800001759,243,True,301
RC101,25,QPSO,22,975.5180559689667,1.8064535000012256,238,True,301
RC101,25,QPSO,23,953.9858925397357,2.017452299995057,294,True,301
RC101,25,QPSO,24,1022.5247798522903,1.7508116999961203,282,True,301
RC101,25,QPSO,25,1008.0303389180166,1.588932599996042,209,True,301
RC101,25,QPSO,26,941.6417812127792,1.5668235999983153,93,True,301
RC101,25,QPSO,27,997.3309582447155,1.5657586999950581,194,True,301
RC101,25,QPSO,28,1000.8638753858072,1.63448470000003,174,True,301
RC101,25,QPSO,29,930.8974023904591,1.7233678999982658,298,True,301
RC101,25,ACO,0,655.70535161876,5.000801900001534,1,True,152
RC101,25,ACO,1,661.2603304091622,5.000501800001075,4,True,139
RC101,25,ACO,2,731.2786169692541,5.000291800002742,18,True,122
RC101,25,ACO,3,606.487486353651,5.000804999996035,6,True,149
RC101,25,ACO,4,730.6886877777572,5.000435299996752,16,True,143
RC101,25,ACO,5,676.4857726063298,5.001303699995333,22,True,136
RC101,25,ACO,6,712.8369702923646,5.001352600003884,10,True,122
RC101,25,ACO,7,729.4650017329071,5.00164770000265,4,True,116
RC101,25,ACO,8,690.8252269635807,5.001354200001515,5,True,132
RC101,25,ACO,9,695.5766370863191,5.000756900000852,3,True,142
RC101,25,ACO,10,706.3681802182982,5.001054400003341,39,True,141
RC101,25,ACO,11,702.7981426193644,5.000701500001014,21,True,133
RC101,25,ACO,12,709.6764113905695,5.0009075999987544,4,True,115
RC101,25,ACO,13,676.9387758381926,5.000685200000589,3,True,146
RC101,25,ACO,14,619.2636069754874,5.0006976000004215,4,True,140
RC101,25,ACO,15,714.0756984304247,5.001413800004229,7,True,142
RC101,25,ACO,16,727.627945835907,5.00093360000028,10,True,136
RC101,25,ACO,17,704.9043154557934,5.000510199999553,17,True,116
RC101,25,ACO,18,731.2786169692542,5.000610899995081,22,True,139
RC101,25,ACO,19,725.0326296032214,5.000638600002276,21,True,137
RC101,25,ACO,20,700.8171162125655,5.000943500002904,11,True,140
RC101,25,ACO,21,715.5394358097859,5.00160880000476,8,True,141
RC101,25,ACO,22,734.995181714426,5.000691400004143,13,True,115
RC101,25,ACO,23,673.2131475183003,5.001576700000442,9,True,138
RC101,25,ACO,24,690.8102794971412,5.00227740000264,1,True,141
RC101,25,ACO,25,698.3492035658351,5.000552699995751,1,True,153
RC101,25,ACO,26,665.7072127029605,5.001115099999879,1,True,142
RC101,25,ACO,27,683.1729964576898,5.000655399999232,12,True,117
RC101,25,ACO,28,740.7951908701655,5.000809699995443,9,True,152
RC101,25,ACO,29,673.9865480043381,5.000842999994347,18,True,151
RC101,25,QACO,0,667.2785154531228,5.000815999999759,124,True,183
RC101,25,QACO,1,650.3642835932486,5.000747099998989,78,True,159
RC101,25,QACO,2,649.7147069241851,5.001590300002135,20,True,135
RC101,25,QACO,3,664.9251343910292,5.000975999995717,49,True,148
RC101,25,QACO,4,614.6597338311542,5.001606899997569,126,True,147
RC101,25,QACO,5,658.964073590231,5.001358300003631,65,True,143
RC101,25,QACO,6,601.6339006889791,5.000581000000238,53,True,140
RC101,25,QACO,7,660.0749081977604,5.00333849999879,1,True,133
RC101,25,QACO,8,664.9251343910292,5.000317599995469,20,True,125
RC101,25,QACO,9,650.9253584101971,5.005720100001781,22,True,63
RC101,25,QACO,10,635.092883885928,5.087811800003692,2,True,24
RC101,25,QACO,11,670.1298653931973,5.0028759999986505,24,True,56
RC101,25,QACO,12,662.4190895952797,5.0035477000055835,22,True,51
RC101,25,QACO,13,692.4512595030965,5.00586490000569,48,True,55
RC101,25,QACO,14,726.6959680968691,5.00759459999972,17,True,29
RC101,25,QACO,15,676.4857726063296,5.006747599996743,13,True,35
RC101,25,QACO,16,672.1287898145864,5.120020700000168,26,True,40
RC101,25,QACO,17,650.5596370956304,5.002645399996254,10,True,49
RC101,25,QACO,18,667.2475900455635,5.003281900004367,10,True,66
RC101,25,QACO,19,674.5133520416706,5.097198600000411,21,True,52
RC101,25,QACO,20,670.3313051300847,5.059237599998596,25,True,48
RC101,25,QACO,21,679.56684673367,5.086961499997415,20,True,21
RC101,25,QACO,22,665.0101397763467,5.001930699996592,123,True,170
RC101,25,QACO,23,663.9486758185258,5.000937100005103,162,True,174
RC101,25,QACO,24,668.0062085183696,5.002163500001188,45,True,179
RC101,25,QACO,25,670.5629348964977,5.001708600000711,3,True,162
RC101,25,QACO,26,657.6813755315036,5.001407399999152,116,True,170
RC101,25,QACO,27,665.009927178002,5.001460400002543,137,True,169
RC101,25,QACO,28,671.9955193910481,5.000288399998681,69,True,171
RC101,25,QACO,29,610.076988533674,5.000906799999939,167,True,172
RC101,25,QA-QPSO,0,550.6232604322365,3.175869099999545,169,True,244
RC101,25,QA-QPSO,1,547.6853858639124,3.114936999998463,143,True,242
RC101,25,QA-QPSO,2,602.9291967503005,3.333243900000525,224,True,251
RC101,25,QA-QPSO,3,544.3169879381446,3.1017779000030714,245,True,247
RC101,25,QA-QPSO,4,545.9923840378473,3.1732515999974567,227,True,250
RC101,25,QA-QPSO,5,539.0124323583823,3.1546637999999803,156,True,251
RC101,25,QA-QPSO,6,542.347096979623,3.2746996999994735,202,True,247
RC101,25,QA-QPSO,7,538.1636183323182,3.2421457000018563,225,True,249
RC101,25,QA-QPSO,8,548.391531970673,3.232638200002839,108,True,245
RC101,25,QA-QPSO,9,556.5351765419662,3.198331200001121,239,True,244
RC101,25,QA-QPSO,10,548.5307628218159,3.231897300000128,242,True,250
RC101,25,QA-QPSO,11,607.6829782504342,3.156458500001463,182,True,248
RC101,25,QA-QPSO,12,541.8775191719343,3.1951756999987992,195,True,246
RC101,25,QA-QPSO,13,552.4708036507545,3.090999699998065,183,True,250
RC101,25,QA-QPSO,14,618.4799941868756,3.1117283000057796,151,True,253
RC101,25,QA-QPSO,15,552.3650735249021,3.1963074000013876,154,True,248
RC101,25,QA-QPSO,16,543.2696607474797,3.117725900003279,221,True,252
RC101,25,QA-QPSO,17,606.6108938063501,3.1677587000012863,161,True,248
RC101,25,QA-QPSO,18,550.0831689931683,3.0985490000020945,224,True,247
RC101,25,QA-QPSO,19,494.50426077087764,3.109056300003431,148,True,250
RC101,25,QA-QPSO,20,550.8435207398097,3.0786225000047125,168,True,249
RC101,25,QA-QPSO,21,559.6764211458367,3.1656079000022146,185,True,254
RC101,25,QA-QPSO,22,609.9913565944298,3.1914601999960723,186,True,245
RC101,25,QA-QPSO,23,500.94898392688674,3.2128719000029378,166,True,251
RC101,25,QA-QPSO,24,549.5480701500048,2.9644477000038023,201,True,249
RC101,25,QA-QPSO,25,570.2506118084066,3.0187570999987656,198,True,261
RC101,25,QA-QPSO,26,546.6336213156933,3.0351407999987714,116,True,252
RC101,25,QA-QPSO,27,607.7671440095526,2.950152099998377,175,True,258
RC101,25,QA-QPSO,28,546.7924326342932,2.9465465000030235,237,True,261
RC101,25,QA-QPSO,29,551.8171274944518,2.9413505000047735,159,True,265
RC201,50,A*,0,1737.8705998720284,5.005206200003158,0,True,4
RC201,50,A*,1,1737.8705998720284,5.002053399999568,0,True,4
RC201,50,A*,2,1737.8705998720284,5.002023699998972,0,True,4
RC201,50,A*,3,1737.8705998720284,5.002272700003232,0,True,4
RC201,50,A*,4,1737.8705998720284,5.002948800000013,0,True,4
RC201,50,A*,5,1737.8705998720284,5.001753499993356,0,True,3
RC201,50,A*,6,1737.8705998720284,5.003409899996768,0,True,5
RC201,50,A*,7,1737.8705998720284,5.00331770000048,0,True,4
RC201,50,A*,8,1737.8705998720284,5.00248940000165,0,True,4
RC201,50,A*,9,1737.8705998720284,5.003476400001091,0,True,4
RC201,50,A*,10,1737.8705998720284,5.001919400005136,0,True,4
RC201,50,A*,11,1737.8705998720284,5.0032696000052965,0,True,4
RC201,50,A*,12,1737.8705998720284,5.0021112999966135,0,True,4
RC201,50,A*,13,1737.8705998720284,5.003260500001488,0,True,4
RC201,50,A*,14,1737.8705998720284,5.006116700002167,0,True,4
RC201,50,A*,15,1737.8705998720284,5.002071000002616,0,True,4
RC201,50,A*,16,1737.8705998720284,5.0021362000043155,0,True,4
RC201,50,A*,17,1737.8705998720284,5.004051099997014,0,True,4
RC201,50,A*,18,1737.8705998720284,5.002412000001641,0,True,4
RC201,50,A*,19,1737.8705998720284,5.002963200000522,0,True,4
RC201,50,A*,20,1737.8705998720284,5.002609700000903,0,True,4
RC201,50,A*,21,1737.8705998720284,5.003799499994784,0,True,4
RC201,50,A*,22,1737.8705998720284,5.0021264999959385,0,True,4
RC201,50,A*,23,1737.8705998720284,5.002177100002882,0,True,4
RC201,50,A*,24,1737.8705998720284,5.003188999995473,0,True,4
RC201,50,A*,25,1737.8705998720284,5.002943200001027,0,True,3
RC201,50,A*,26,1737.8705998720284,5.0025654999990365,0,True,4
RC201,50,A*,27,1737.8705998720284,5.002798800000164,0,True,4
RC201,50,A*,28,1737.8705998720284,5.002269900003739,0,True,4
RC201,50,A*,29,1737.8705998720284,5.0019576999984565,0,True,4
RC201,50,PSO,0,2429.513166698622,4.05241379999643,131,True,301
RC201,50,PSO,1,2358.8031120209043,3.2331601999976556,85,True,301
RC201,50,PSO,2,2500.894937260388,4.416029299994989,179,True,301
RC201,50,PSO,3,2403.689596587689,4.146439299998747,21,True,301
RC201,50,PSO,4,2537.7911468512625,3.940134800002852,264,True,301
RC201,50,PSO,5,2543.1909281514745,4.031185300002107,39,True,301
RC201,50,PSO,6,2444.4588963365086,4.393806899999618,222,True,301
RC201,50,PSO,7,2443.5572143817217,4.306296100003237,72,True,301
RC201,50,PSO,8,2617.9753699776916,4.1561051000026055,3,True,301
RC201,50,PSO,9,2528.0069132185417,4.288512800005265,197,True,301
RC201,50,PSO,10,2486.7360057768115,4.1005662999959895,121,True,301
RC201,50,PSO,11,2525.025938501919,4.205695600001491,250,True,301
RC201,50,PSO,12,2493.59064190834,4.224339499996859,51,True,301
RC201,50,PSO,13,2508.563331546831,3.912013900000602,59,True,301
RC201,50,PSO,14,2499.000361983224,3.497460799997498,172,True,301
RC201,50,PSO,15,2569.5790530964664,3.2228205999999773,108,True,301
RC201,50,PSO,16,2452.6355392132127,3.4339397000003373,248,True,301
RC201,50,PSO,17,2503.464451399743,3.485907700000098,257,True,301
RC201,50,PSO,18,2517.1233216057103,3.270605000005162,124,True,301
RC201,50,PSO,19,2493.52382882476,5.141031300001487,70,True,256
RC201,50,PSO,20,2563.217127674562,5.06387640000321,17,True,130
RC201,50,PSO,21,2587.269274849588,5.0605412000004435,54,True,162
RC201,50,PSO,22,2417.834012483402,5.032326000000467,97,True,138
RC201,50,PSO,23,2566.119224156115,5.0386278000005404,139,True,159
RC201,50,PSO,24,2551.4704384582114,5.160531599998649,92,True,119
RC201,50,PSO,25,2522.5714052966914,5.046197699994082,120,True,163
RC201,50,PSO,26,2480.361223595858,5.058840099998633,107,True,153
RC201,50,PSO,27,2500.6679261671557,5.052888299993356,120,True,166
RC201,50,PSO,28,2630.188889578142,5.0491583999973955,3,True,165
RC201,50,PSO,29,2627.1443395510696,5.043194400001084,47,True,114
RC201,50,QPSO,0,2441.5808107739394,3.9025823999982094,261,True,301
RC201,50,QPSO,1,2475.347546108263,3.613447099996847,240,True,301
RC201,50,QPSO,2,2524.8242332934146,3.470291099998576,58,True,301
RC201,50,QPSO,3,2477.2816828804075,3.515366500003438,159,True,301
RC201,50,QPSO,4,2530.1826668626823,3.1530060000004596,209,True,301
RC201,50,QPSO,5,2583.239298584718,3.5384307999993325,72,True,301
RC201,50,QPSO,6,2635.7976062830426,5.152566400000069,160,True,176
RC201,50,QPSO,7,2650.2677048904698,5.060463599998911,40,True,66
RC201,50,QPSO,8,2567.814572283666,5.03902179999568,29,True,83
RC201,50,QPSO,9,2638.876850929078,5.230993600001966,17,True,55
RC201,50,QPSO,10,2550.5113273292372,5.058269599998312,59,True,107
RC201,50,QPSO,11,2588.800152383996,5.152053600002546,48,True,61
RC201,50,QPSO,12,2474.3694403194113,4.118074300000444,111,True,301
RC201,50,QPSO,13,2518.944436622408,3.4048278000045684,217,True,301
RC201,50,QPSO,14,2639.2413923670047,3.8075585999977193,263,True,301
RC201,50,QPSO,15,2579.2659753684493,3.4666273999973782,91,True,301
RC201,50,QPSO,16,2628.5104378754213,3.5192462999984855,11,True,301
RC201,50,QPSO,17,2476.0535024894557,3.5055644000021857,123,True,301
RC201,50,QPSO,18,2531.6076179655565,3.472657199999958,282,True,301
RC201,50,QPSO,19,2461.0512677172933,3.6098916999981157,292,True,301
RC201,50,QPSO,20,2577.8639980118883,5.012202900004922,97,True,182
RC201,50,QPSO,21,2537.6729938660897,5.035219599994889,104,True,141
RC201,50,QPSO,22,2485.8088047015103,5.035238199998275,97,True,116
RC201,50,QPSO,23,2590.643286056412,5.048991499999829,53,True,146
RC201,50,QPSO,24,2597.410965760726,5.05338180000399,29,True,108
RC201,50,QPSO,25,2659.0475476425554,5.0311568999968586,104,True,106
RC201,50,QPSO,26,2606.622036481868,5.025817099995038,56,True,153
RC201,50,QPSO,27,2628.394441367651,5.053119299998798,39,True,178
RC201,50,QPSO,28,2681.9553120594132,5.052971200006141,156,True,169
RC201,50,QPSO,29,2592.7102401064617,5.041811100003542,31,True,156
RC201,50,ACO,0,1567.8642269362756,5.002871400000004,1,True,10
RC201,50,ACO,1,1553.406952718035,5.010172100002819,4,True,9
RC201,50,ACO,2,1490.796026559353,5.020636699999159,17,True,32
RC201,50,ACO,3,1395.8355918171603,5.001326700003119,32,True,67
RC201,50,ACO,4,1478.6928069456656,5.001892100000987,31,True,66
RC201,50,ACO,5,1481.5904684217628,5.0004349000009825,17,True,66
RC201,50,ACO,6,1435.117908527408,5.001956300002348,39,True,62
RC201,50,ACO,7,1481.885949446587,5.000982200006547,15,True,61
RC201,50,ACO,8,1452.263395022066,5.001639800000703,31,True,71
RC201,50,ACO,9,1438.3976153003491,5.001699399996141,24,True,73
RC201,50,ACO,10,1438.0051402167367,5.001713099998597,26,True,73
RC201,50,ACO,11,1434.414665804252,5.00134860000253,17,True,66
RC201,50,ACO,12,1452.7714939143916,5.002340600003663,13,True,64
RC201,50,ACO,13,1379.7241561343042,5.000665500003379,2,True,67
RC201,50,ACO,14,1376.3247254138112,5.0002746999962255,16,True,65
RC201,50,ACO,15,1466.261210767908,5.000761699993745,15,True,68
RC201,50,ACO,16,1444.5709661042288,5.001453899996704,17,True,65
RC201,50,ACO,17,1481.1764329624625,5.001556100003654,9,True,70
RC201,50,ACO,18,1429.845357876964,5.000788199999079,15,True,76
RC201,50,ACO,19,1426.0367723551503,5.002038499995251,32,True,67
RC201,50,ACO,20,1435.5802493594792,5.002028099996096,22,True,68
RC201,50,ACO,21,1422.0199157455568,5.000618899997789,4,True,65
RC201,50,ACO,22,1397.4001496569651,5.00048990000505,14,True,75
RC201,50,ACO,23,1423.9808704295945,5.00072419999924,22,True,65
RC201,50,ACO,24,1406.490847683616,5.002705799997784,9,True,59
RC201,50,ACO,25,1431.4023908382253,5.00146020000102,33,True,62
RC201,50,ACO,26,1423.033930007604,5.0009046999985,17,True,64
RC201,50,ACO,27,1467.311727363091,5.002459299998009,42,True,65
RC201,50,ACO,28,1480.1103883957292,5.000827800002298,13,True,67
RC201,50,ACO,29,1445.6846275402963,5.001117599997087,3,True,67
RC201,50,QACO,0,1424.483598181913,5.000762199997553,31,True,89
RC201,50,QACO,1,1416.8508832329126,5.003215299999283,14,True,80
RC201,50,QACO,2,1437.5737543023236,5.001111399993533,7,True,87
RC201,50,QACO,3,1389.7084120120476,5.000726900005247,8,True,84
RC201,50,QACO,4,1431.368266859891,5.001566400002048,33,True,88
RC201,50,QACO,5,1373.7844211012111,5.00164550000045,15,True,88
RC201,50,QACO,6,1424.911275539725,5.005795899996883,64,True,84
RC201,50,QACO,7,1428.7058252552235,5.002790300000925,37,True,85
RC201,50,QACO,8,1419.0575211231876,5.000816699997813,31,True,91
RC201,50,QACO,9,1399.4918172038203,5.0034579999992275,7,True,85
RC201,50,QACO,10,1403.284617250621,5.002235599997221,24,True,89
RC201,50,QACO,11,1445.9545301594385,5.0007906000028015,47,True,77
RC201,50,QACO,12,1430.3343799556912,5.002089999994496,54,True,81
RC201,50,QACO,13,1393.3258692059264,5.0019361000013305,75,True,81
RC201,50,QACO,14,1448.118713955538,5.001877499998955,21,True,82
RC201,50,QACO,15,1307.7583515224126,5.000803999995696,32,True,77
RC201,50,QACO,16,1411.4716176587137,5.001828100001148,45,True,81
RC201,50,QACO,17,1394.3007844459798,5.002848500000255,45,True,89
RC201,50,QACO,18,1354.0656566324515,5.002732200002356,70,True,82
RC201,50,QACO,19,1464.926667357674,5.002545700001065,55,True,90
RC201,50,QACO,20,1351.270227069468,5.002308999995876,28,True,89
RC201,50,QACO,21,1430.3766196111603,5.0027728999994,61,True,88
RC201,50,QACO,22,1445.3182035366308,5.001481500003138,9,True,89
RC201,50,QACO,23,1423.419398606386,5.003128399999696,43,True,85
RC201,50,QACO,24,1416.7800204485563,5.001686699994025,72,True,87
RC201,50,QACO,25,1405.5014813695718,5.003183699998772,13,True,90
RC201,50,QACO,26,1372.592500275319,5.002454699999362,89,True,93
RC201,50,QACO,27,1385.6711565098494,5.00188049999997,5,True,86
RC201,50,QACO,28,1415.005757664692,5.000875199999427,60,True,85
RC201,50,QACO,29,1339.7267302767887,5.003656900000351,14,True,87
RC201,50,QA-QPSO,0,1281.5584280806083,4.1251329999940936,203,True,215
RC201,50,QA-QPSO,1,1185.8923998913326,4.32991359999869,192,True,211
RC201,50,QA-QPSO,2,1336.3541260101188,4.102425800003402,186,True,215
RC201,50,QA-QPSO,3,1311.5309840197415,4.14277569999831,181,True,217
RC201,50,QA-QPSO,4,1198.7706985636917,4.400987799999712,214,True,217
RC201,50,QA-QPSO,5,1116.01494227648,4.241603900001792,204,True,213
RC201,50,QA-QPSO,6,1175.8931219649637,4.103841299998749,210,True,218
RC201,50,QA-QPSO,7,1272.5545320837189,3.9946037999980035,180,True,214
RC201,50,QA-QPSO,8,1237.8113565556853,4.362106699998549,213,True,215
RC201,50,QA-QPSO,9,1247.7140804488836,4.187751099998422,215,True,217
RC201,50,QA-QPSO,10,1194.695352697191,4.231457599998976,180,True,216
RC201,50,QA-QPSO,11,1222.8658033366505,4.139596699998947,162,True,219
RC201,50,QA-QPSO,12,1236.1024022850831,3.9499359000037657,183,True,218
RC201,50,QA-QPSO,13,1192.4531554256214,4.376222499995492,195,True,214
RC201,50,QA-QPSO,14,1291.2756512079898,4.00498950000474,170,True,215
RC201,50,QA-QPSO,15,1134.9039169431078,4.318407400001888,156,True,219
RC201,50,QA-QPSO,16,1164.217331504812,4.1922417000023415,166,True,216
RC201,50,QA-QPSO,17,1305.6131137957404,4.0694797999967705,201,True,218
RC201,50,QA-QPSO,18,1283.8781982732803,3.7728323999981512,191,True,221
RC201,50,QA-QPSO,19,1267.3440671036478,3.968826199998148,197,True,225
RC201,50,QA-QPSO,20,1221.868479276306,3.853665299997374,197,True,215
RC201,50,QA-QPSO,21,1219.285752710043,3.8231853999968735,183,True,224
RC201,50,QA-QPSO,22,1316.2966171493817,4.081264000000374,186,True,223
RC201,50,QA-QPSO,23,1186.1880093363402,3.932562100002542,198,True,221
RC201,50,QA-QPSO,24,1195.9846602590364,3.84848719999718,188,True,221
RC201,50,QA-QPSO,25,1213.5731628098429,3.799442399998952,194,True,222
RC201,50,QA-QPSO,26,1259.27369080602,3.874315699998988,221,True,225
RC201,50,QA-QPSO,27,1242.218970232439,3.813065900001675,182,True,225
RC201,50,QA-QPSO,28,1287.9815630150433,3.7294301000001724,183,True,222
RC201,50,QA-QPSO,29,1210.4956344463867,4.170454899998731,216,True,216
C101,100,A*,0,2378.582464110654,5.003292599998531,0,True,1
C101,100,A*,1,2378.582464110654,5.001940699999977,0,True,1
C101,100,A*,2,2378.582464110654,5.00200799999584,0,True,1
C101,100,A*,3,2378.582464110654,5.001731199998176,0,True,1
C101,100,A*,4,2378.582464110654,5.001984299997275,0,True,1
C101,100,A*,5,2378.582464110654,5.002324300003238,0,True,1
C101,100,A*,6,2378.582464110654,5.001952300000994,0,True,1
C101,100,A*,7,2378.582464110654,5.00118969999312,0,True,1
C101,100,A*,8,2378.582464110654,5.001091300000553,0,True,1
C101,100,A*,9,2378.582464110654,5.0008577999979025,0,True,1
C101,100,A*,10,2378.582464110654,5.001482899999246,0,True,1
C101,100,A*,11,2378.582464110654,5.002854600003047,0,True,1
C101,100,A*,12,2378.582464110654,5.002663200000825,0,True,1
C101,100,A*,13,2378.582464110654,5.001534499999252,0,True,1
C101,100,A*,14,2378.582464110654,5.001625899996725,0,True,1
C101,100,A*,15,2378.582464110654,5.001022299999022,0,True,1
C101,100,A*,16,2378.582464110654,5.0016736999969,0,True,1
C101,100,A*,17,2378.582464110654,5.002100900004734,0,True,1
C101,100,A*,18,2378.582464110654,5.001897900001495,0,True,1
C101,100,A*,19,2378.582464110654,5.0010924999951385,0,True,1
C101,100,A*,20,2378.582464110654,5.001649299993005,0,True,1
C101,100,A*,21,2378.582464110654,5.0013293999945745,0,True,1
C101,100,A*,22,2378.582464110654,5.001706399998511,0,True,1
C101,100,A*,23,2378.582464110654,5.0020246999993105,0,True,1
C101,100,A*,24,2378.582464110654,5.0011205000046175,0,True,1
C101,100,A*,25,2378.582464110654,5.001155700003437,0,True,1
C101,100,A*,26,2378.582464110654,5.001105900002585,0,True,1
C101,100,A*,27,2378.582464110654,5.001778199999535,0,True,1
C101,100,A*,28,2378.582464110654,5.001097100001061,0,True,1
C101,100,A*,29,2378.582464110654,5.002353299998504,0,True,1
C101,100,PSO,0,4325.4422987300095,5.022749899995688,4,True,229
C101,100,PSO,1,4286.082251749246,5.037294299996574,4,True,217
C101,100,PSO,2,4416.390119599825,5.0385519999981625,156,True,218
C101,100,PSO,3,4417.652294744667,5.031387800001539,186,True,214
C101,100,PSO,4,4234.239193719576,5.038488900005177,112,True,259
C101,100,PSO,5,4304.238069319692,5.03626770000119,145,True,256
C101,100,PSO,6,4378.374303646902,5.0284174000044,3,True,266
C101,100,PSO,7,4308.48177734484,5.043155300001672,3,True,264
C101,100,PSO,8,4196.229722811008,5.0255790000010165,3,True,253
C101,100,PSO,9,4238.532630293666,5.035631400001876,58,True,260
C101,100,PSO,10,4329.219653492178,5.0261329999993904,172,True,217
C101,100,PSO,11,4381.937354867718,5.043576000003668,3,True,222
C101,100,PSO,12,4301.745512673196,5.04304399999819,181,True,229
C101,100,PSO,13,4238.910068292326,5.045416599998134,226,True,230
C101,100,PSO,14,4326.73745792021,5.044230899999093,2,True,205
C101,100,PSO,15,4277.2293567020315,5.02532169999904,3,True,217
C101,100,PSO,16,4292.353783547988,5.0520765999972355,132,True,225
C101,100,PSO,17,4361.855163046033,5.030642300000181,193,True,240
C101,100,PSO,18,4290.390204645792,5.017765500000678,186,True,224
C101,100,PSO,19,4168.017004758171,5.045342299999902,129,True,231
C101,100,PSO,20,4321.483125384797,5.027753499998653,3,True,236
C101,100,PSO,21,4219.033803965241,5.029734399999143,41,True,224
C101,100,PSO,22,4386.77726845934,5.029352300000028,54,True,224
C101,100,PSO,23,4384.895058951721,5.032718000002205,197,True,234
C101,100,PSO,24,4382.89780200832,5.0334207999985665,154,True,247
C101,100,PSO,25,4189.958194074602,5.0520008000021335,244,True,248
C101,100,PSO,26,4309.3450372147345,5.036532599995553,3,True,251
C101,100,PSO,27,4449.967938636582,5.034642300000996,220,True,249
C101,100,PSO,28,4409.910164216937,5.024500399995304,221,True,259
C101,100,PSO,29,4455.967978862337,5.031207899999572,79,True,260
C101,100,QPSO,0,4393.634928622093,5.022181500004081,6,True,257
C101,100,QPSO,1,4315.444647865934,5.025853500002995,71,True,255
C101,100,QPSO,2,4385.874962108288,5.025970199996664,29,True,258
C101,100,QPSO,3,4362.329080285042,5.049508300005982,213,True,258
C101,100,QPSO,4,4381.0455775957025,5.022086799996032,192,True,258
C101,100,QPSO,5,4293.935441926173,5.031872999999905,12,True,238
C101,100,QPSO,6,4343.114351283017,5.077050100000633,30,True,230
C101,100,QPSO,7,4345.101212611176,5.037919800000964,32,True,233
C101,100,QPSO,8,4373.212374228036,5.028578099998413,135,True,218
C101,100,QPSO,9,4419.461281758963,5.030258499995398,2,True,203
C101,100,QPSO,10,4370.305377397643,5.022677200002363,67,True,220
C101,100,QPSO,11,4438.525602526084,5.040249400000903,23,True,211
C101,100,QPSO,12,4393.848214559719,5.043700800000806,3,True,223
C101,100,QPSO,13,4381.835620963586,5.281259299998055,13,True,210
C101,100,QPSO,14,4324.76420355434,5.084718399994017,10,True,55
C101,100,QPSO,15,4437.41232120719,5.081211500000791,21,True,54
C101,100,QPSO,16,4370.059706833442,5.095467899998766,59,True,71
C101,100,QPSO,17,4434.552601048272,5.087658600001305,31,True,78
C101,100,QPSO,18,4204.332566695443,5.05067820000113,18,True,134
C101,100,QPSO,19,4323.6746342797205,5.028222300003108,184,True,239
C101,100,QPSO,20,4318.325047834136,5.017487800003437,45,True,225
C101,100,QPSO,21,4383.389890077963,5.038670400004776,173,True,235
C101,100,QPSO,22,4325.192931593649,5.039200500003062,45,True,244
C101,100,QPSO,23,4374.3297358180025,5.030772699996305,78,True,214
C101,100,QPSO,24,4365.694634646313,5.043467299998156,144,True,212
C101,100,QPSO,25,4426.215067964109,5.032090499997139,221,True,241
C101,100,QPSO,26,4392.216143387462,5.051688200001081,7,True,237
C101,100,QPSO,27,4405.883010968713,5.027390600000217,143,True,242
C101,100,QPSO,28,4318.312946310773,5.024399699999776,186,True,243
C101,100,QPSO,29,4397.677176981485,5.03659019999759,23,True,232
C101,100,ACO,0,1842.362306376564,5.000762299998314,25,True,35
C101,100,ACO,1,1941.0656863183106,5.001095300001907,23,True,33
C101,100,ACO,2,1881.0374785954973,5.002048999995168,17,True,32
C101,100,ACO,3,1848.4276138274122,5.009719900001073,15,True,30
C101,100,ACO,4,2257.588726941652,5.017514300001494,13,True,14
C101,100,ACO,5,1826.0303526400962,5.002814400002535,25,True,28
C101,100,ACO,6,1814.928719334213,5.002647499997693,20,True,28
C101,100,ACO,7,1758.0838616467038,5.004366900000605,23,True,28
C101,100,ACO,8,1601.0872125441642,5.002962900005514,28,True,33
C101,100,ACO,9,1843.0371704790994,5.002308300005097,30,True,31
C101,100,ACO,10,1789.5624461615246,5.003624299999501,16,True,36
C101,100,ACO,11,1644.416721403285,5.004244600000675,23,True,34
C101,100,ACO,12,1564.46919345998,5.002098600001773,25,True,36
C101,100,ACO,13,1866.9698622292408,5.0033887999961735,28,True,37
C101,100,ACO,14,1651.3672889879242,5.003560299999663,31,True,33
C101,100,ACO,15,1964.9927265862418,5.002778499998385,36,True,38
C101,100,ACO,16,2059.8546897108167,5.002210599996033,25,True,37
C101,100,ACO,17,1807.5318741156593,5.007575399999041,17,True,37
C101,100,ACO,18,1989.0958250506992,5.001146100003098,18,True,36
C101,100,ACO,19,1923.7724015463873,5.003577800001949,30,True,39
C101,100,ACO,20,1647.2477830934852,5.003707099996973,21,True,38
C101,100,ACO,21,1560.5306028461596,5.007831400005671,26,True,32
C101,100,ACO,22,1815.0677420045354,5.004528099998424,15,True,32
C101,100,ACO,23,1797.7619716471063,5.002011800002947,19,True,31
C101,100,ACO,24,1757.6605766425998,5.001163599998108,18,True,34
C101,100,ACO,25,1949.572845313341,5.004391399997985,29,True,33
C101,100,ACO,26,1934.1450551710325,5.002323799999431,25,True,31
C101,100,ACO,27,1933.8515513444693,5.0033517999982,28,True,36
C101,100,ACO,28,1676.4545810697125,5.005275299998175,26,True,37
C101,100,ACO,29,1801.601909463523,5.003334900000482,20,True,37
C101,100,QACO,0,1957.5808665579457,5.002677600001334,17,True,46
C101,100,QACO,1,1917.4902260295755,5.006621400003496,39,True,45
C101,100,QACO,2,2071.9699574950705,5.002726699996856,11,True,44
C101,100,QACO,3,1954.2360629198454,5.005391099999542,13,True,42
C101,100,QACO,4,2005.7567390941235,5.00349339999957,5,True,42
C101,100,QACO,5,1977.676277392078,5.003208000001905,7,True,42
C101,100,QACO,6,1929.274658089496,5.007078299997374,24,True,45
C101,100,QACO,7,2020.548598240238,5.004256599997461,27,True,45
C101,100,QACO,8,1993.9123203587553,5.00252349999937,38,True,42
C101,100,QACO,9,1926.8063857399816,5.007637599999725,40,True,41
C101,100,QACO,10,1969.7243284290194,5.007133699997212,4,True,44
C101,100,QACO,11,2115.063452138774,5.007596600000397,22,True,43
C101,100,QACO,12,2055.5080287835667,5.004194900000584,16,True,49
C101,100,QACO,13,2085.5382173739963,5.004889399999229,11,True,48
C101,100,QACO,14,1806.8211606279867,5.005462399996759,11,True,47
C101,100,QACO,15,2015.2554506194344,5.001290799998969,36,True,45
C101,100,QACO,16,1840.1993305269991,5.006505100005597,46,True,48
C101,100,QACO,17,1861.789021392869,5.004666699998779,13,True,48
C101,100,QACO,18,1931.0760636571542,5.004706599997007,9,True,46
C101,100,QACO,19,1951.8528678171108,5.003760499996133,32,True,48
C101,100,QACO,20,1990.6579963813479,5.002162600001611,21,True,48
C101,100,QACO,21,1962.2255284578184,5.0047039999990375,3,True,50
C101,100,QACO,22,2002.259953418285,5.00322099999903,4,True,48
C101,100,QACO,23,2045.9705309284068,5.00613699999667,21,True,43
C101,100,QACO,24,1966.2994808335566,5.00395660000504,42,True,43
C101,100,QACO,25,1667.354690209859,5.003722300003574,13,True,47
C101,100,QACO,26,1968.4558303752822,5.005341899995983,17,True,42
C101,100,QACO,27,2266.287076685722,5.056778000005579,29,True,31
C101,100,QACO,28,2181.539690702554,5.009981199997128,12,True,14
C101,100,QACO,29,2181.6355248366317,5.009046999999555,12,True,14
C101,100,QA-QPSO,0,1948.2506834775704,5.035059200003161,153,True,155
C101,100,QA-QPSO,1,1895.5564847987755,5.024432199999865,159,True,176
C101,100,QA-QPSO,2,2017.2425376794213,5.019949599998654,160,True,179
C101,100,QA-QPSO,3,1888.1175895199444,5.021201900002779,172,True,176
C101,100,QA-QPSO,4,1959.085951083805,5.042379799997434,157,True,162
C101,100,QA-QPSO,5,1900.3669596803181,5.027190400003747,173,True,176
C101,100,QA-QPSO,6,1903.765683207845,5.041003300000739,160,True,160
C101,100,QA-QPSO,7,2135.358391323273,5.0332250999999815,175,True,177
C101,100,QA-QPSO,8,1967.4695658559083,5.025285600000643,178,True,179
C101,100,QA-QPSO,9,1802.3703176123895,5.032234999998764,170,True,170
C101,100,QA-QPSO,10,1857.9826007741071,5.034010399998806,173,True,182
C101,100,QA-QPSO,11,2003.522999055701,5.0404674999954295,179,True,183
C101,100,QA-QPSO,12,1997.1895038675143,5.029078600004141,172,True,180
C101,100,QA-QPSO,13,1923.1970861163254,5.031121599997277,173,True,176
C101,100,QA-QPSO,14,1720.2110133576368,5.034692000001087,175,True,176
C101,100,QA-QPSO,15,1870.4148466299698,5.037271799999871,153,True,176
C101,100,QA-QPSO,16,1731.7568033504863,5.03171470000234,174,True,177
C101,100,QA-QPSO,17,1737.7227690586255,5.02502259999892,174,True,177
C101,100,QA-QPSO,18,1863.5278778366758,5.0360875999977,177,True,177
C101,100,QA-QPSO,19,1925.9795586827217,5.0311234000037075,147,True,177
C101,100,QA-QPSO,20,1899.3714791391305,5.023307100003876,173,True,182
C101,100,QA-QPSO,21,1761.215058040702,5.028953500004718,164,True,179
C101,100,QA-QPSO,22,1927.4898370890892,5.025827600002231,173,True,176
C101,100,QA-QPSO,23,1825.4801176264302,5.021990000001097,171,True,178
C101,100,QA-QPSO,24,1875.7310377031847,5.041904899997462,180,True,183
C101,100,QA-QPSO,25,1633.9447528912303,5.027582600007008,181,True,181
C101,100,QA-QPSO,26,1768.1566254495085,5.046629899996333,178,True,179
C101,100,QA-QPSO,27,2082.6625341412855,5.033294900000328,181,True,184
C101,100,QA-QPSO,28,1906.2622942544674,5.0394117000032566,172,True,174
C101,100,QA-QPSO,29,2180.827970712019,5.029630500001076,19,True,154
