instance,n_customers,algorithm,run,cost,runtime,iterations_to_best,feasible
RC101,25,A*,0,901.237375464096,5.0053430999978445,0,True
RC101,25,A*,1,901.237375464096,5.005311000000802,0,True
RC101,25,A*,2,901.237375464096,5.0066563000000315,0,True
RC101,25,A*,3,901.237375464096,5.006653700002062,0,True
RC101,25,A*,4,901.237375464096,5.005051699998148,0,True
RC101,25,PSO,0,622.0058892399742,1.64558300000499,60,True
RC101,25,PSO,1,700.119071829262,1.4177245000028051,258,True
RC101,25,PSO,2,714.198038067614,1.4986238000055891,247,True
RC101,25,PSO,3,751.456513400889,1.4401413999949,266,True
RC101,25,PSO,4,721.9772111413254,1.4901656000001822,31,True
RC101,25,QPSO,0,950.2263157361037,1.3570491999998922,299,True
RC101,25,QPSO,1,616.1638210832634,1.3657124000019394,274,True
RC101,25,QPSO,2,581.4930463622046,1.4861459000021568,272,True
RC101,25,QPSO,3,999.7753836910807,1.4557645000022603,275,True
RC101,25,QPSO,4,592.1831370289082,1.3735416000054101,300,True
RC101,25,ACO,0,655.70535161876,5.001613599997654,1,True
RC101,25,ACO,1,661.2603304091622,5.0008965999950306,4,True
RC101,25,ACO,2,731.2786169692541,5.0005429000011645,18,True
RC101,25,ACO,3,606.487486353651,5.000894700002391,6,True
RC101,25,ACO,4,730.6886877777572,5.0003742999979295,16,True
RC101,25,QACO,0,667.2785154531228,5.000794799998403,124,True
RC101,25,QACO,1,650.3642835932486,5.001412300000084,78,True
RC101,25,QACO,2,621.4739856047568,5.001044799995725,180,True
RC101,25,QACO,3,664.9251343910292,5.001089700002922,49,True
RC101,25,QACO,4,614.6597338311542,5.000402899997425,126,True
RC101,25,QA-QPSO,0,533.4105585243802,3.029747500004305,184,True
RC101,25,QA-QPSO,1,538.1881271945372,2.89782489999925,232,True
RC101,25,QA-QPSO,2,538.743813068813,3.033045799995307,199,True
RC101,25,QA-QPSO,3,485.516503124888,2.917066599999089,264,True
RC101,25,QA-QPSO,4,541.7982960288032,2.9921873999992386,251,True
