algorithm,run,cost,runtime,iterations_to_best,feasible
PSO,0,962.0668240160089,0.9634096999998292,251,True
PSO,1,941.4521279534208,0.8771497999996427,284,True
PSO,2,959.5912482735844,0.9492468999997072,162,True
PSO,3,977.5253378548429,0.9852453000003152,120,True
PSO,4,905.6088303587586,0.9796366000000489,120,True
QPSO,0,924.5880284139896,0.8499420999996801,282,True
QPSO,1,1000.2139683219409,0.9738169000002017,265,True
QPSO,2,947.3817377576152,0.850135899999259,157,True
QPSO,3,992.1885232993849,0.9950023000001238,286,True
QPSO,4,974.9510609495404,0.9439295000001948,298,True
A*,0,901.237375464096,5.003871799999615,0,True
A*,1,901.237375464096,5.005767900000137,0,True
A*,2,901.237375464096,5.006302200000391,0,True
A*,3,901.237375464096,5.006683800000246,0,True
A*,4,901.237375464096,5.005626799999845,0,True
ACO,0,655.70535161876,5.000323799999933,1,True
ACO,1,661.2603304091622,5.000628499999948,4,True
ACO,2,731.2786169692541,5.000272600000244,18,True
ACO,3,606.487486353651,5.000110900000436,6,True
ACO,4,730.6886877777572,5.000425700000051,16,True
QACO,0,667.2785154531228,4.551617000000078,124,True
QACO,1,614.954513248771,4.515673199999583,286,True
QACO,2,621.4739856047568,4.817422999999508,180,True
QACO,3,664.9251343910292,4.747105899999951,49,True
QACO,4,614.6597338311542,4.752085799999804,126,True
